Fort-de-France;MARTINIQUE;CA du Centre de la Martinique;MARTINIQUE;111.970653705;109.127474515;111.970653705;972090401;97209;2;249720061;97209;972;2;972090401;Chateauboeuf-Morne Morissot;Fort-de-France;MARTINIQUE;Chateauboeuf-Morne Morissot;MARTINIQUE;2;Iris d'habitat;121.532962606;113.059253870;121.532962606;101.633684421;95.023828550;101.633684421;119.568421870;113.218187127;119.568421870;103.777945362;110.202161837;103.777945362;114.899869878;107.047445430;114.899869878;109.041437532;111.207503600;109.041437532
Le Lamentin;MARTINIQUE;CA du Centre de la Martinique;MARTINIQUE;121.508659252;119.134469762;121.508659252;972131301;97213;2;249720061;97213;972;2;972131301;Four à Chaux;Le Lamentin;MARTINIQUE;Four à Chaux;MARTINIQUE;2;Iris d'habitat;134.152610673;124.816120644;134.152610673;108.282140916;101.239895533;108.282140916;94.096330874;89.098909480;94.096330874;129.184131188;137.417886136;129.184131188;125.529120754;116.957378940;125.529120754;117.488197750;121.311560584;117.488197750
Sainte-Marie;MARTINIQUE;CA du Pays Nord Martinique;MARTINIQUE;106.094190862;104.929639458;106.094190862;972282805;97228;2;200041788;97228;972;2;972282805;Morne des Esses-St Laurent-St Aroman;Sainte-Marie;MARTINIQUE;Morne des Esses-St Laurent-St Aroman;MARTINIQUE;2;Iris d'habitat;96.931104338;101.316392350;96.931104338;82.267644042;90.793426400;82.267644042;101.139864634;105.011511139;101.139864634;129.647713910;115.570057255;129.647713910;92.043284239;97.808737033;92.043284239;120.145097484;112.050541883;120.145097484
Fort-de-France;MARTINIQUE;CA du Centre de la Martinique;MARTINIQUE;97.725780203;94.442688987;97.725780203;972090203;97209;2;249720061;97209;972;2;972090203;Rive Droite-Cour Campeche;Fort-de-France;MARTINIQUE;Rive Droite-Cour Campeche;MARTINIQUE;2;Iris d'habitat;122.080538766;113.591601376;122.080538766;101.633684421;95.023828550;101.633684421;96.322279087;91.206638405;96.322279087;72.118820089;76.621232108;72.118820089;115.264920651;107.402343768;115.264920651;80.186639755;81.483034207;80.186639755
Fort-de-France;MARTINIQUE;CA du Centre de la Martinique;MARTINIQUE;101.079819506;98.931798793;101.079819506;972090103;97209;2;249720061;97209;972;2;972090103;Calvaire-Crozanville-Pave-Desaix;Fort-de-France;MARTINIQUE;Calvaire-Crozanville-Pave-Desaix;MARTINIQUE;2;Iris d'habitat;101.866579005;94.755489355;101.866579005;101.633684421;95.023828550;101.633684421;91.784337935;86.909705632;91.784337935;104.663868334;111.073139932;104.663868334;101.788947477;94.844935754;101.788947477;100.370691535;103.018661832;100.370691535
Basse-Pointe;MARTINIQUE;CA du Pays Nord Martinique;MARTINIQUE;109.520718250;108.003951216;109.520718250;972030000;97203;2;200041788;97203;972;2;972030000;Basse-Pointe (commune non irisée);Basse-Pointe;MARTINIQUE;Basse-Pointe;MARTINIQUE;2;Commune non découpée en IRIS;96.274634280;101.140769706;96.274634280;86.801931400;95.797623255;86.801931400;80.224144077;83.295134217;80.224144077;148.774482730;133.324705206;148.774482730;93.117066654;99.359720889;93.117066654;125.924369846;116.648181543;125.924369846
Bellefontaine;MARTINIQUE;CA du Pays Nord Martinique;MARTINIQUE;102.042775828;103.082104658;102.042775828;972340000;97234;2;200041788;97234;972;2;972340000;Bellefontaine (commune non irisée);Bellefontaine;MARTINIQUE;Bellefontaine;MARTINIQUE;2;Commune non découpée en IRIS;113.161310610;117.968059055;113.161310610;98.318781116;108.508018201;98.318781116;116.695890576;121.163023675;116.695890576;85.459681028;76.442733981;85.459681028;108.213800779;114.814712103;108.213800779;95.871750878;91.349497213;95.871750878
Case-Pilote;MARTINIQUE;CA du Pays Nord Martinique;MARTINIQUE;89.682645257;91.052416300;89.682645257;972050000;97205;2;200041788;97205;972;2;972050000;Case-Pilote (commune non irisée);Case-Pilote;MARTINIQUE;Case-Pilote;MARTINIQUE;2;Commune non découpée en IRIS;78.110597522;81.805845530;78.110597522;126.121438043;139.191995052;126.121438043;96.296886587;99.983143295;96.296886587;79.728175934;71.763834195;79.728175934;94.114211029;100.934562038;94.114211029;85.251079485;81.170270562;85.251079485
Fonds-Saint-Denis;MARTINIQUE;CA du Pays Nord Martinique;MARTINIQUE;105.639845329;105.077366276;105.639845329;972080000;97208;2;200041788;97208;972;2;972080000;Fonds-Saint-Denis (commune non irisée);Fonds-Saint-Denis;MARTINIQUE;Fonds-Saint-Denis;MARTINIQUE;2;Commune non découpée en IRIS;99.624232926;104.593965836;99.624232926;90.973155538;100.401130942;90.973155538;84.229087167;87.453387023;84.229087167;129.694181709;116.710874008;129.694181709;96.740540463;103.196354205;96.740540463;114.539150195;106.958378347;114.539150195
Grand'Rivière;MARTINIQUE;CA du Pays Nord Martinique;MARTINIQUE;113.843587245;111.718145775;113.843587245;972110000;97211;2;200041788;97211;972;2;972110000;Grand'Rivière (commune non irisée);Grand'Rivière;MARTINIQUE;Grand'Rivière;MARTINIQUE;2;Commune non découpée en IRIS;94.200532786;99.060418945;94.200532786;79.704185535;87.964304647;79.704185535;90.461290303;93.924159664;90.461290303;162.247491031;145.149786223;162.247491031;89.368417035;95.361714179;89.368417035;138.318757455;128.074577370;138.318757455
L'Ajoupa-Bouillon;MARTINIQUE;CA du Pays Nord Martinique;MARTINIQUE;97.959757965;97.051908363;97.959757965;972010000;97201;2;200041788;97201;972;2;972010000;L'Ajoupa-Bouillon (commune non irisée);L'Ajoupa-Bouillon;MARTINIQUE;L'Ajoupa-Bouillon;MARTINIQUE;2;Commune non découpée en IRIS;87.608088025;91.794502552;87.608088025;81.856012276;90.339135301;81.856012276;93.200754070;96.768490443;93.200754070;118.742802696;105.807409666;118.742802696;85.690729442;91.309380135;85.690729442;110.228786488;102.794436592;110.228786488
Le Carbet;MARTINIQUE;CA du Pays Nord Martinique;MARTINIQUE;100.045626291;100.424991673;100.045626291;972040000;97204;2;200041788;97204;972;2;972040000;Le Carbet (commune non irisée);Le Carbet;MARTINIQUE;Le Carbet;MARTINIQUE;2;Commune non découpée en IRIS;92.953646854;97.626352776;92.953646854;113.162843061;124.890440007;113.162843061;80.906488540;84.003598911;80.906488540;110.148566219;99.201602784;110.148566219;99.690045590;106.714381853;99.690045590;100.401206993;94.135601493;100.401206993
Le Diamant;MARTINIQUE;CA de l'Espace Sud de la Martinique;MARTINIQUE;87.277625933;90.508518407;87.277625933;972060000;97206;2;249720053;97206;972;2;972060000;Le Diamant (commune non irisée);Le Diamant;MARTINIQUE;Le Diamant;MARTINIQUE;2;Commune non découpée en IRIS;80.942235394;86.256460959;80.942235394;118.312443188;118.033092395;118.312443188;92.719953116;96.918279969;92.719953116;75.374444254;77.793408080;75.374444254;93.398971325;96.848671438;93.398971325;81.156280541;84.168365376;81.156280541
Le Marigot;MARTINIQUE;CA du Pays Nord Martinique;MARTINIQUE;105.271447639;104.300789686;105.271447639;972160000;97216;2;200041788;97216;972;2;972160000;Le Marigot (commune non irisée);Le Marigot;MARTINIQUE;Le Marigot;MARTINIQUE;2;Commune non découpée en IRIS;98.875478658;103.431558634;98.875478658;85.290835856;94.129925782;85.290835856;92.137026210;95.664042949;92.137026210;128.224933227;114.573826058;128.224933227;94.347264391;100.331014350;94.347264391;116.195630888;108.270565022;116.195630888
Le Morne-Rouge;MARTINIQUE;CA du Pays Nord Martinique;MARTINIQUE;98.784638598;98.222628762;98.784638598;972180000;97218;2;200041788;97218;972;2;972180000;Le Morne-Rouge (commune non irisée);Le Morne-Rouge;MARTINIQUE;Le Morne-Rouge;MARTINIQUE;2;Commune non découpée en IRIS;86.157312147;90.226909672;86.157312147;90.869880663;100.287153207;90.869880663;96.743868137;100.447235353;96.743868137;116.389729247;104.073782335;116.389729247;87.728168319;93.580324184;87.728168319;109.841108877;102.864933341;109.841108877
Le Morne-Vert;MARTINIQUE;CA du Pays Nord Martinique;MARTINIQUE;101.018882103;100.770582279;101.018882103;972330000;97233;2;200041788;97233;972;2;972330000;Le Morne-Vert (commune non irisée);Le Morne-Vert;MARTINIQUE;Le Morne-Vert;MARTINIQUE;2;Commune non découpée en IRIS;91.259954891;95.780844938;91.259954891;108.323752112;119.549851333;108.323752112;69.413982801;72.071158633;69.413982801;122.927823961;110.720396918;122.927823961;96.947887298;103.703847070;96.947887298;105.089876908;97.837317489;105.089876908
Le Prêcheur;MARTINIQUE;CA du Pays Nord Martinique;MARTINIQUE;108.417389806;107.354162774;108.417389806;972190000;97219;2;200041788;97219;972;2;972190000;Le Prêcheur (commune non irisée);Le Prêcheur;MARTINIQUE;Le Prêcheur;MARTINIQUE;2;Commune non découpée en IRIS;106.678646981;111.954838463;106.678646981;71.627930249;79.051069093;71.627930249;101.064660115;104.933427783;101.064660115;132.227227256;118.115401421;132.227227256;94.995074737;100.986915340;94.995074737;121.839704876;113.721410208;121.839704876
Les Anses-d'Arlet;MARTINIQUE;CA de l'Espace Sud de la Martinique;MARTINIQUE;95.321240026;99.082969754;95.321240026;972020000;97202;2;249720053;97202;972;2;972020000;Les Anses-d'Arlet (commune non irisée);Les Anses-d'Arlet;MARTINIQUE;Les Anses-d'Arlet;MARTINIQUE;2;Commune non découpée en IRIS;90.346222859;96.403490752;90.346222859;87.411373246;87.204983827;87.411373246;85.235799969;89.095247001;85.235799969;109.293910611;112.695303096;109.293910611;89.367939655;93.337321777;89.367939655;101.274540397;104.828617731;101.274540397
Les Trois-Îlets;MARTINIQUE;CA de l'Espace Sud de la Martinique;MARTINIQUE;87.524170892;90.783572687;87.524170892;972310000;97231;2;249720053;97231;972;2;972310000;Les Trois-Îlets (commune non irisée);Les Trois-Îlets;MARTINIQUE;Les Trois-Îlets;MARTINIQUE;2;Commune non découpée en IRIS;85.264395501;90.735139180;85.264395501;117.913487278;117.635078471;117.913487278;90.046842087;94.124131413;90.046842087;73.327952492;75.735973938;73.327952492;96.147426093;99.701785610;96.147426093;78.900915690;81.865359763;78.900915690
Macouba;MARTINIQUE;CA du Pays Nord Martinique;MARTINIQUE;113.767928038;112.240425096;113.767928038;972150000;97215;2;200041788;97215;972;2;972150000;Macouba (commune non irisée);Macouba;MARTINIQUE;Macouba;MARTINIQUE;2;Commune non découpée en IRIS;110.917349729;115.663629019;110.917349729;80.902320849;89.286608352;80.902320849;95.427498524;99.080474949;95.427498524;142.221524697;126.874104618;142.221524697;100.912340103;106.871288797;100.912340103;126.623515972;117.609561395;126.623515972
Saint-Pierre;MARTINIQUE;CA du Pays Nord Martinique;MARTINIQUE;101.890241046;101.339554352;101.890241046;972250000;97225;2;200041788;97225;972;2;972250000;Saint-Pierre (commune non irisée);Saint-Pierre;MARTINIQUE;Saint-Pierre;MARTINIQUE;2;Commune non découpée en IRIS;101.263485170;106.114621827;101.263485170;77.895224037;85.967871974;77.895224037;98.704650435;102.483076640;98.704650435;116.107300732;103.678566920;116.107300732;93.474064793;99.399038543;93.474064793;110.306417299;103.280070160;110.306417299
Sainte-Anne;MARTINIQUE;CA de l'Espace Sud de la Martinique;MARTINIQUE;91.691745971;95.163932258;91.691745971;972260000;97226;2;249720053;97226;972;2;972260000;Sainte-Anne (commune non irisée);Sainte-Anne;MARTINIQUE;Sainte-Anne;MARTINIQUE;2;Commune non découpée en IRIS;84.419102892;90.013553665;84.419102892;92.584515078;92.365911210;92.584515078;82.100162571;85.817629045;82.100162571;103.313796196;106.386472980;103.313796196;87.140906954;90.797672847;87.140906954;96.242584988;99.530191669;96.242584988
Ducos;MARTINIQUE;CA de l'Espace Sud de la Martinique;MARTINIQUE;90.510283660;93.803685223;90.510283660;972070705;97207;69;249720053;97207;972;2;972070705;Bac-Fond d'Or-Fond Savane;Ducos;MARTINIQUE;Bac-Fond d'Or-Fond Savane;MARTINIQUE;2;Iris d'habitat;78.855433169;84.047245965;78.855433169;116.130623273;115.856424036;116.130623273;99.309565768;103.806267963;99.309565768;84.955323290;87.532463703;84.955323290;91.280496537;94.650305322;91.280496537;89.740070783;92.957065123;89.740070783
Ducos;MARTINIQUE;CA de l'Espace Sud de la Martinique;MARTINIQUE;95.728279203;99.361082959;95.728279203;972070701;97207;69;249720053;97207;972;2;972070701;Bourg;Ducos;MARTINIQUE;Bourg;MARTINIQUE;2;Iris d'habitat;90.627526685;96.651723708;90.627526685;116.130623273;115.856424036;116.130623273;87.235331941;91.185317077;87.235331941;94.874333316;97.910654611;94.874333316;99.128558881;103.053290484;99.128558881;92.327999524;95.668875433;92.327999524
Ducos;MARTINIQUE;CA de l'Espace Sud de la Martinique;MARTINIQUE;90.002389480;93.371231413;90.002389480;972070704;97207;69;249720053;97207;972;2;972070704;Grande Savane-La Beauville-Bois Neuf;Ducos;MARTINIQUE;Grande Savane-La Beauville-Bois Neuf;MARTINIQUE;2;Iris d'habitat;87.198234103;93.087488279;87.198234103;116.130623273;115.856424036;116.130623273;100.907442132;105.476495607;100.907442132;74.289901634;76.359746139;74.289901634;96.842363826;100.677133531;96.842363826;83.162415133;86.065329295;83.162415133
Ducos;MARTINIQUE;CA de l'Espace Sud de la Martinique;MARTINIQUE;100.930400035;105.106211565;100.930400035;972070702;97207;69;249720053;97207;972;2;972070702;La Marie;Ducos;MARTINIQUE;La Marie;MARTINIQUE;2;Iris d'habitat;116.513847747;124.372657959;116.513847747;116.130623273;115.856424036;116.130623273;118.610926806;123.981587838;118.610926806;68.906577318;71.026970799;68.906577318;116.386106256;121.533913318;116.386106256;85.474693814;88.678509812;85.474693814
Ducos;MARTINIQUE;CA de l'Espace Sud de la Martinique;MARTINIQUE;100.317624347;104.111702402;100.317624347;972070703;97207;69;249720053;97207;972;2;972070703;Petite Cocotte-Durivage;Ducos;MARTINIQUE;Petite Cocotte-Durivage;MARTINIQUE;2;Iris d'habitat;91.407954843;97.584685230;91.407954843;116.130623273;115.856424036;116.130623273;134.662575878;140.760049932;134.662575878;84.148318621;86.442184994;84.148318621;99.648844320;103.675264832;99.648844320;100.986404374;104.548139973;100.986404374
Fort-de-France;MARTINIQUE;CA du Centre de la Martinique;MARTINIQUE;90.181251082;88.222260833;90.181251082;972090112;97209;69;249720061;97209;972;2;972090112;Balata-Ravine Blanche-Colson;Fort-de-France;MARTINIQUE;Balata-Ravine Blanche-Colson;MARTINIQUE;2;Iris d'habitat;81.918257532;76.203697171;81.918257532;101.633684421;95.023828550;101.633684421;78.863852273;74.675422194;78.863852273;98.376727368;103.613459955;98.376727368;88.490066495;82.477074298;88.490066495;91.872435670;93.967447368;91.872435670
Fort-de-France;MARTINIQUE;CA du Centre de la Martinique;MARTINIQUE;108.679477538;104.773471962;108.679477538;972090202;97209;69;249720061;97209;972;2;972090202;Bellevue;Fort-de-France;MARTINIQUE;Bellevue;MARTINIQUE;2;Iris d'habitat;119.809718002;111.431426338;119.809718002;101.633684421;95.023828550;101.633684421;134.955227770;127.787805446;134.955227770;87.934258517;91.483172550;87.934258517;113.751040142;105.962227075;113.751040142;103.607914935;103.584716849;103.607914935
Fort-de-France;MARTINIQUE;CA du Centre de la Martinique;MARTINIQUE;97.438232162;95.387918564;97.438232162;972090801;97209;69;249720061;97209;972;2;972090801;Berge de Briand-La Carriere;Fort-de-France;MARTINIQUE;Berge de Briand-La Carriere;MARTINIQUE;2;Iris d'habitat;89.565919226;83.262691457;89.565919226;101.633684421;95.023828550;101.633684421;78.833678386;74.646850830;78.833678386;112.515095855;118.065724545;112.515095855;93.588507625;87.183070488;93.588507625;101.287956699;103.592766640;101.287956699
Fort-de-France;MARTINIQUE;CA du Centre de la Martinique;MARTINIQUE;112.276363085;108.532050089;112.276363085;972090101;97209;69;249720061;97209;972;2;972090101;Centre Ville;Fort-de-France;MARTINIQUE;Centre Ville;MARTINIQUE;2;Iris d'habitat;139.818610453;130.018708115;139.818610453;101.633684421;95.023828550;101.633684421;128.047427852;121.246876231;128.047427852;82.169922666;87.442089762;82.169922666;127.090301776;118.353748260;127.090301776;97.462424395;98.710351918;97.462424395
Fort-de-France;MARTINIQUE;CA du Centre de la Martinique;MARTINIQUE;86.770676058;84.252696538;86.770676058;972090204;97209;69;249720061;97209;972;2;972090204;Clairiere-Sainte-Catherine;Fort-de-France;MARTINIQUE;Clairiere-Sainte-Catherine;MARTINIQUE;2;Iris d'habitat;84.801296817;78.869391037;84.801296817;101.633684421;95.023828550;101.633684421;81.453638114;77.127665465;81.453638114;83.967070090;87.812951570;83.967070090;90.412092685;84.254203541;90.412092685;83.129259431;84.251189535;83.129259431
Fort-de-France;MARTINIQUE;CA du Centre de la Martinique;MARTINIQUE;93.268283715;90.224742069;93.268283715;972090115;97209;69;249720061;97209;972;2;972090115;Cluny-Didier-Fond Lada;Fort-de-France;MARTINIQUE;Cluny-Didier-Fond Lada;MARTINIQUE;2;Iris d'habitat;104.378874756;97.051120507;104.378874756;101.633684421;95.023828550;101.633684421;85.346976077;80.814229686;85.346976077;81.935646139;85.704076583;81.935646139;103.463811311;96.375356521;103.463811311;83.072756118;84.074127617;83.072756118
Fort-de-France;MARTINIQUE;CA du Centre de la Martinique;MARTINIQUE;110.779143720;108.497196007;110.779143720;972090602;97209;69;249720061;97209;972;2;972090602;Coridon;Fort-de-France;MARTINIQUE;Coridon;MARTINIQUE;2;Iris d'habitat;115.115595791;107.099640374;115.115595791;101.633684421;95.023828550;101.633684421;90.418599356;85.616500925;90.418599356;121.195693480;128.071782910;121.195693480;110.621625334;103.074369766;110.621625334;110.936662105;113.920022248;110.936662105
Fort-de-France;MARTINIQUE;CA du Centre de la Martinique;MARTINIQUE;103.532457272;100.791836115;103.532457272;972090603;97209;69;249720061;97209;972;2;972090603;Coridon-Redoute;Fort-de-France;MARTINIQUE;Coridon-Redoute;MARTINIQUE;2;Iris d'habitat;109.359614052;101.749809982;109.359614052;101.633684421;95.023828550;101.633684421;105.738684992;100.122942468;105.738684992;97.551573058;103.052312853;97.551573058;106.784304175;99.507816172;106.784304175;100.280610369;102.075856058;100.280610369
Fort-de-France;MARTINIQUE;CA du Centre de la Martinique;MARTINIQUE;117.801096295;115.501760426;117.801096295;972090105;97209;69;249720061;97209;972;2;972090105;Desclieux-Ravine Bouille-La Folie;Fort-de-France;MARTINIQUE;Desclieux-Ravine Bouille-La Folie;MARTINIQUE;2;Iris d'habitat;129.263834135;120.321656035;129.263834135;101.633684421;95.023828550;101.633684421;100.848176623;95.492167193;100.848176623;122.898524227;130.925627373;122.898524227;120.053784230;111.889046873;120.053784230;115.548408359;119.114473980;115.548408359
Fort-de-France;MARTINIQUE;CA du Centre de la Martinique;MARTINIQUE;85.248833507;82.259985465;85.248833507;972090114;97209;69;249720061;97209;972;2;972090114;Didier-Desrochers-Vieux Moulin;Fort-de-France;MARTINIQUE;Didier-Desrochers-Vieux Moulin;MARTINIQUE;2;Iris d'habitat;95.017985004;88.346921393;95.017985004;101.633684421;95.023828550;101.633684421;86.914020024;82.298048507;86.914020024;66.454663295;69.772096473;66.454663295;97.223218143;90.572557112;97.223218143;73.274448871;73.947413818;73.274448871
Fort-de-France;MARTINIQUE;CA du Centre de la Martinique;MARTINIQUE;118.796399834;115.644792108;118.796399834;972090303;97209;69;249720061;97209;972;2;972090303;Dillon Nord;Fort-de-France;MARTINIQUE;Dillon Nord;MARTINIQUE;2;Iris d'habitat;136.428585495;127.020161529;136.428585495;101.633684421;95.023828550;101.633684421;121.837950690;115.367182109;121.837950690;108.224796451;114.718709466;108.224796451;124.830285137;116.354717203;124.830285137;112.762514530;114.934867014;112.762514530
Fort-de-France;MARTINIQUE;CA du Centre de la Martinique;MARTINIQUE;117.482900709;115.164982459;117.482900709;972090302;97209;69;249720061;97209;972;2;972090302;Dillon Sud-Dallas;Fort-de-France;MARTINIQUE;Dillon Sud-Dallas;MARTINIQUE;2;Iris d'habitat;124.752340051;116.093128908;124.752340051;101.633684421;95.023828550;101.633684421;93.068634614;88.125793789;93.068634614;130.345202559;137.827007301;130.345202559;117.046121508;109.070028789;117.046121508;117.919679911;121.259936130;117.919679911
Fort-de-France;MARTINIQUE;CA du Centre de la Martinique;MARTINIQUE;101.089349267;97.741845857;101.089349267;972090301;97209;69;249720061;97209;972;2;972090301;Dillon-Pointe des Grives;Fort-de-France;MARTINIQUE;Dillon-Pointe des Grives;MARTINIQUE;2;Iris d'habitat;119.017474197;110.815097891;119.017474197;101.633684421;95.023828550;101.633684421;130.282067620;123.362835106;130.282067620;68.292697584;73.217107852;68.292697584;113.222877605;105.551341444;113.222877605;88.955820929;89.932350270;88.955820929
Fort-de-France;MARTINIQUE;CA du Centre de la Martinique;MARTINIQUE;114.135073299;111.410482817;114.135073299;972090108;97209;69;249720061;97209;972;2;972090108;Eaux Decoupees-T.s.f.-Canal Alaric;Fort-de-France;MARTINIQUE;Eaux Decoupees-T.s.f.-Canal Alaric;MARTINIQUE;2;Iris d'habitat;121.711658418;113.305780865;121.711658418;101.633684421;95.023828550;101.633684421;125.298086608;118.643551486;125.298086608;107.227675966;114.091977568;107.227675966;115.019000419;107.211796760;115.019000419;113.251146180;115.609168874;113.251146180
Fort-de-France;MARTINIQUE;CA du Centre de la Martinique;MARTINIQUE;117.159594900;114.101310229;117.159594900;972090116;97209;69;249720061;97209;972;2;972090116;Ermitage;Fort-de-France;MARTINIQUE;Ermitage;MARTINIQUE;2;Iris d'habitat;141.843976418;132.017267839;141.843976418;101.633684421;95.023828550;101.633684421;97.894461710;92.695322989;97.894461710;109.870735217;116.427087080;109.870735217;128.440545753;119.686121409;128.440545753;105.878644048;108.516499049;105.878644048
Fort-de-France;MARTINIQUE;CA du Centre de la Martinique;MARTINIQUE;116.847541045;115.117977618;116.847541045;972090702;97209;69;249720061;97209;972;2;972090702;Grosse Roche-Citron;Fort-de-France;MARTINIQUE;Grosse Roche-Citron;MARTINIQUE;2;Iris d'habitat;113.176398241;105.363986397;113.176398241;101.633684421;95.023828550;101.633684421;110.001021813;104.158908155;110.001021813;131.548871777;140.398578106;131.548871777;109.328826968;101.917267114;109.328826968;124.366255123;128.318688122;124.366255123
Fort-de-France;MARTINIQUE;CA du Centre de la Martinique;MARTINIQUE;113.909843352;110.868576941;113.909843352;972090104;97209;69;249720061;97209;972;2;972090104;Haut du Port-Morne Pichevin-Bon-Air;Fort-de-France;MARTINIQUE;Haut du Port-Morne Pichevin-Bon-Air;MARTINIQUE;2;Iris d'habitat;136.461393276;126.949138097;136.461393276;101.633684421;95.023828550;101.633684421;101.649394881;96.250833046;101.649394881;103.626597128;110.019261928;103.626597128;124.852156991;116.307368248;124.852156991;102.967529713;105.429785634;102.967529713
Fort-de-France;MARTINIQUE;CA du Centre de la Martinique;MARTINIQUE;97.319515010;93.864678925;97.319515010;972090501;97209;69;249720061;97209;972;2;972090501;La Meynard-Jambette;Fort-de-France;MARTINIQUE;La Meynard-Jambette;MARTINIQUE;2;Iris d'habitat;120.138212678;111.863913860;120.138212678;101.633684421;95.023828550;101.633684421;118.212304245;111.934092408;118.212304245;61.897338021;66.251162438;61.897338021;113.970036592;106.250552090;113.970036592;80.668993429;81.478805761;80.668993429
Fort-de-France;MARTINIQUE;CA du Centre de la Martinique;MARTINIQUE;90.618645499;87.838864424;90.618645499;972090502;97209;69;249720061;97209;972;2;972090502;La Meynard-Moutte;Fort-de-France;MARTINIQUE;La Meynard-Moutte;MARTINIQUE;2;Iris d'habitat;97.160075644;90.456384236;97.160075644;101.633684421;95.023828550;101.633684421;108.701487450;102.928391582;108.701487450;69.528274917;74.084098971;69.528274917;98.651278570;91.978865674;98.651278570;82.586012428;83.698863175;82.586012428
Fort-de-France;MARTINIQUE;CA du Centre de la Martinique;MARTINIQUE;97.419325430;94.652836193;97.419325430;972090901;97209;69;249720061;97209;972;2;972090901;Langellier-Ravine Vilaine;Fort-de-France;MARTINIQUE;Langellier-Ravine Vilaine;MARTINIQUE;2;Iris d'habitat;104.955237183;97.661906514;104.955237183;101.633684421;95.023828550;101.633684421;104.880768320;99.310589434;104.880768320;84.045512737;89.129393072;84.045512737;103.848052929;96.782547193;103.848052929;90.990597931;92.523125193;90.990597931
Fort-de-France;MARTINIQUE;CA du Centre de la Martinique;MARTINIQUE;112.588640964;109.910835087;112.588640964;972090107;97209;69;249720061;97209;972;2;972090107;Morne Calebasse-Reneville-Toquade;Fort-de-France;MARTINIQUE;Morne Calebasse-Reneville-Toquade;MARTINIQUE;2;Iris d'habitat;127.938927553;119.087815174;127.938927553;101.633684421;95.023828550;101.633684421;108.508391186;102.745550590;108.508391186;104.755957536;111.760000518;104.755957536;119.170513176;111.066486299;119.170513176;106.006768753;108.755183875;106.006768753
Fort-de-France;MARTINIQUE;CA du Centre de la Martinique;MARTINIQUE;114.774127258;112.912895583;114.774127258;972090106;97209;69;249720061;97209;972;2;972090106;Morne Vannier-Ste Therese;Fort-de-France;MARTINIQUE;Morne Vannier-Ste Therese;MARTINIQUE;2;Iris d'habitat;118.004899228;109.757511566;118.004899228;101.633684421;95.023828550;101.633684421;93.631322312;88.658597350;93.631322312;128.684979180;137.139962232;128.684979180;112.547827626;104.846283894;112.547827626;117.000426891;120.979507272;117.000426891
Fort-de-France;MARTINIQUE;CA du Centre de la Martinique;MARTINIQUE;109.727652237;107.256768781;109.727652237;972090113;97209;69;249720061;97209;972;2;972090113;Morne Vente-Morne Coco;Fort-de-France;MARTINIQUE;Morne Vente-Morne Coco;MARTINIQUE;2;Iris d'habitat;113.715275969;105.846028218;113.715275969;101.633684421;95.023828550;101.633684421;122.283151908;115.788738854;122.283151908;103.509262577;110.517994423;103.509262577;109.688078786;102.238628329;109.688078786;109.767225687;112.274909234;109.767225687
Fort-de-France;MARTINIQUE;CA du Centre de la Martinique;MARTINIQUE;96.912755863;94.570893340;96.912755863;972090503;97209;69;249720061;97209;972;2;972090503;Moutte-La Ferme;Fort-de-France;MARTINIQUE;Moutte-La Ferme;MARTINIQUE;2;Iris d'habitat;98.254272065;91.428924900;98.254272065;101.633684421;95.023828550;101.633684421;89.570595746;84.813534474;89.570595746;96.881855439;102.365073609;96.881855439;99.380742851;92.627226117;99.380742851;94.444768875;96.514560564;94.444768875
Fort-de-France;MARTINIQUE;CA du Centre de la Martinique;MARTINIQUE;113.518982712;110.702651956;113.518982712;972090601;97209;69;249720061;97209;972;2;972090601;Quartier Populo-Fantaisie;Fort-de-France;MARTINIQUE;Quartier Populo-Fantaisie;MARTINIQUE;2;Iris d'habitat;128.233164128;119.305821027;128.233164128;101.633684421;95.023828550;101.633684421;99.182435010;93.914892502;99.182435010;111.915724293;118.332774314;111.915724293;119.366670892;111.211823535;119.366670892;107.671294532;110.193480377;107.671294532
Fort-de-France;MARTINIQUE;CA du Centre de la Martinique;MARTINIQUE;94.787265715;92.121918653;94.787265715;972090902;97209;69;249720061;97209;972;2;972090902;Ravine Vilaine-Plateau Tiberge;Fort-de-France;MARTINIQUE;Ravine Vilaine-Plateau Tiberge;MARTINIQUE;2;Iris d'habitat;97.598158206;90.773109011;97.598158206;101.633684421;95.023828550;101.633684421;94.820425042;89.784547274;94.820425042;88.536584208;93.188459037;88.536584208;98.943333611;92.190015524;98.943333611;90.631197819;92.053821783;90.631197819
Fort-de-France;MARTINIQUE;CA du Centre de la Martinique;MARTINIQUE;131.251597338;128.253375190;131.251597338;972090102;97209;69;249720061;97209;972;2;972090102;Terres Sainville;Fort-de-France;MARTINIQUE;Terres Sainville;MARTINIQUE;2;Iris d'habitat;162.782728551;151.483402238;162.782728551;101.633684421;95.023828550;101.633684421;110.186276771;104.334324290;110.186276771;125.062082867;133.597646913;125.062082867;142.399713841;132.663544342;142.399713841;120.103480835;123.843206038;120.103480835
Fort-de-France;MARTINIQUE;CA du Centre de la Martinique;MARTINIQUE;113.924655346;110.974084176;113.924655346;972090201;97209;69;249720061;97209;972;2;972090201;Texaco-Pointe La Vierge;Fort-de-France;MARTINIQUE;Texaco-Pointe La Vierge;MARTINIQUE;2;Iris d'habitat;123.514493408;114.908950851;123.514493408;101.633684421;95.023828550;101.633684421;111.805746542;105.867784620;111.805746542;111.539757150;117.567495092;111.539757150;116.220890412;108.280576750;116.220890412;111.628420281;113.667591601;111.628420281
Fort-de-France;MARTINIQUE;CA du Centre de la Martinique;MARTINIQUE;95.569248154;93.683322595;95.569248154;972090111;97209;69;249720061;97209;972;2;972090111;Tivoli-Post-Colon;Fort-de-France;MARTINIQUE;Tivoli-Post-Colon;MARTINIQUE;2;Iris d'habitat;84.649325145;78.740855431;84.649325145;101.633684421;95.023828550;101.633684421;83.799844542;79.349265736;83.799844542;109.341654834;115.122565211;109.341654834;90.310778237;84.168513137;90.310778237;100.827718070;103.198132053;100.827718070
Fort-de-France;MARTINIQUE;CA du Centre de la Martinique;MARTINIQUE;104.228963372;102.276215202;104.228963372;972090701;97209;69;249720061;97209;972;2;972090701;Trenelle;Fort-de-France;MARTINIQUE;Trenelle;MARTINIQUE;2;Iris d'habitat;102.450453778;95.310961251;102.450453778;101.633684421;95.023828550;101.633684421;84.978231795;80.465069276;84.978231795;116.930478231;123.773235441;116.930478231;102.178197326;95.215250351;102.178197326;106.279729419;109.337180053;106.279729419
Fort-de-France;MARTINIQUE;CA du Centre de la Martinique;MARTINIQUE;117.095081280;115.371840315;117.095081280;972090110;97209;69;249720061;97209;972;2;972090110;Volga Sud;Fort-de-France;MARTINIQUE;Volga Sud;MARTINIQUE;2;Iris d'habitat;113.220523544;105.463760745;113.220523544;101.633684421;95.023828550;101.633684421;114.230062185;108.163345754;114.230062185;130.132846994;139.058173047;130.132846994;109.358243837;101.983783347;109.358243837;124.831918724;128.759897283;124.831918724
Fort-de-France;MARTINIQUE;CA du Centre de la Martinique;MARTINIQUE;115.856165375;114.305015192;115.856165375;972090109;97209;69;249720061;97209;972;2;972090109;Volga-Pointe des Carrieres;Fort-de-France;MARTINIQUE;Volga-Pointe des Carrieres;MARTINIQUE;2;Iris d'habitat;108.091035717;100.591884784;108.091035717;101.633684421;95.023828550;101.633684421;98.236329409;93.019034221;98.236329409;139.542453492;148.301729405;139.542453492;105.938585285;98.735866040;105.938585285;125.773745464;129.874164344;125.773745464
Fort-de-France;MARTINIQUE;CA du Centre de la Martinique;MARTINIQUE;112.103944768;109.709051230;112.103944768;972090402;97209;69;249720061;97209;972;2;972090402;Zac Chateauboeuf-Bois Boyer;Fort-de-France;MARTINIQUE;Zac Chateauboeuf-Bois Boyer;MARTINIQUE;2;Iris d'habitat;127.237365580;118.381694719;127.237365580;101.633684421;95.023828550;101.633684421;74.940391748;70.960335209;74.940391748;120.787430640;127.753377090;120.787430640;118.702805194;110.595739330;118.702805194;105.505084343;108.822363129;105.505084343
Fort-de-France;MARTINIQUE;CA du Centre de la Martinique;MARTINIQUE;99.156650150;96.330070100;99.156650150;972090802;97209;69;249720061;97209;972;2;972090802;de Briand-Floreal;Fort-de-France;MARTINIQUE;de Briand-Floreal;MARTINIQUE;2;Iris d'habitat;100.581234857;93.604561757;100.581234857;101.633684421;95.023828550;101.633684421;108.829406322;103.049516730;108.829406322;91.657170221;96.348975902;91.657170221;100.932051378;94.077650688;100.932051378;97.381248921;98.582489511;97.381248921
Fort-de-France;MARTINIQUE;CA du Centre de la Martinique;MARTINIQUE;115.541724560;112.564225865;115.541724560;972090803;97209;69;249720061;97209;972;2;972090803;de Briand-Godissard;Fort-de-France;MARTINIQUE;de Briand-Godissard;MARTINIQUE;2;Iris d'habitat;131.888510629;122.737025360;131.888510629;101.633684421;95.023828550;101.633684421;106.087560798;100.453289609;106.087560798;110.876040441;117.217093155;110.876040441;121.803568560;113.499293090;121.803568560;109.279880560;111.629158640;109.279880560
Gros-Morne;MARTINIQUE;CA du Pays Nord Martinique;MARTINIQUE;106.086053264;105.823310543;106.086053264;972121201;97212;69;200041788;97212;972;2;972121201;Bourg-La Vierge;Gros-Morne;MARTINIQUE;Bourg-La Vierge;MARTINIQUE;2;Iris d'habitat;106.809289022;111.520258176;106.809289022;88.783367942;97.984405372;88.783367942;108.698703480;112.859703269;108.698703480;112.707835059;100.527619132;112.707835059;100.800648662;107.008307241;100.800648662;111.371457866;104.638313845;111.371457866
Gros-Morne;MARTINIQUE;CA du Pays Nord Martinique;MARTINIQUE;108.243646071;107.348435603;108.243646071;972121203;97212;69;200041788;97212;972;2;972121203;Deux Terres-Croix Blanche-Croix Odillon;Gros-Morne;MARTINIQUE;Deux Terres-Croix Blanche-Croix Odillon;MARTINIQUE;2;Iris d'habitat;100.691908906;105.808715507;100.691908906;88.783367942;97.984405372;88.783367942;89.517052681;92.943776510;89.517052681;134.888818996;120.772500361;134.888818996;96.722395251;103.200612129;96.722395251;119.764896891;111.496259078;119.764896891
Gros-Morne;MARTINIQUE;CA du Pays Nord Martinique;MARTINIQUE;105.642343994;105.111945457;105.642343994;972121202;97212;69;200041788;97212;972;2;972121202;Dumaine-Poirier-Tracee;Gros-Morne;MARTINIQUE;Dumaine-Poirier-Tracee;MARTINIQUE;2;Iris d'habitat;104.115026551;109.083480087;104.115026551;88.783367942;97.984405372;88.783367942;91.564272702;95.069364366;91.564272702;122.638185111;109.725471415;122.638185111;99.004473681;105.383788515;99.004473681;112.280214308;104.840102399;112.280214308
Gros-Morne;MARTINIQUE;CA du Pays Nord Martinique;MARTINIQUE;103.725911119;102.936998648;103.725911119;972121204;97212;69;200041788;97212;972;2;972121204;Morne des Olives-Lagrosilliere-Calvaire;Gros-Morne;MARTINIQUE;Morne des Olives-Lagrosilliere-Calvaire;MARTINIQUE;2;Iris d'habitat;93.618045877;98.200172688;93.618045877;88.783367942;97.984405372;88.783367942;97.470190143;101.201361055;97.470190143;124.432908437;111.017940043;124.432908437;92.006486565;98.128250250;92.006486565;115.445335672;107.745747047;115.445335672
La Trinité;MARTINIQUE;CA du Pays Nord Martinique;MARTINIQUE;97.598980564;97.604499539;97.598980564;972300103;97230;69;200041788;97230;972;2;972300103;Bassignac Sud-Desforts-Fonds Galion;La Trinité;MARTINIQUE;Bassignac Sud-Desforts-Fonds Galion;MARTINIQUE;2;Iris d'habitat;89.218021522;93.651068420;89.218021522;101.231392760;111.722477470;101.231392760;85.872341680;89.159545522;85.872341680;110.027052950;98.721418700;110.027052950;93.222478601;99.674871436;93.222478601;101.975482527;95.534127641;101.975482527
La Trinité;MARTINIQUE;CA du Pays Nord Martinique;MARTINIQUE;106.021481526;106.471644320;106.021481526;972300101;97230;69;200041788;97230;972;2;972300101;Bourg-Brin d'Amour;La Trinité;MARTINIQUE;Bourg-Brin d'Amour;MARTINIQUE;2;Iris d'habitat;116.249975576;122.212730603;116.249975576;101.231392760;111.722477470;101.231392760;78.319860552;81.317954484;78.319860552;112.038842347;100.681986381;112.038842347;111.243781304;118.715979559;111.243781304;100.799181749;94.227309082;100.799181749
La Trinité;MARTINIQUE;CA du Pays Nord Martinique;MARTINIQUE;100.388059060;101.731656331;100.388059060;972300104;97230;69;200041788;97230;972;2;972300104;Desmarinieres Est-Beausejour;La Trinité;MARTINIQUE;Desmarinieres Est-Beausejour;MARTINIQUE;2;Iris d'habitat;113.139699333;118.149800833;113.139699333;101.231392760;111.722477470;101.231392760;117.933615011;122.448128354;117.933615011;78.441973961;69.959865249;78.441973961;109.170263808;116.007359712;109.170263808;91.605854311;87.455952951;91.605854311
La Trinité;MARTINIQUE;CA du Pays Nord Martinique;MARTINIQUE;93.242969472;93.271871796;93.242969472;972300102;97230;69;200041788;97230;972;2;972300102;Pte Riviere Salee-Morne Poirier-Bellevue;La Trinité;MARTINIQUE;Pte Riviere Salee-Morne Poirier-Bellevue;MARTINIQUE;2;Iris d'habitat;83.988162810;87.836552643;83.988162810;101.231392760;111.722477470;101.231392760;80.029260307;83.092790272;80.029260307;105.110419072;94.571428874;105.110419072;89.735906126;95.798527585;89.735906126;96.750032817;90.745216007;96.750032817
La Trinité;MARTINIQUE;CA du Pays Nord Martinique;MARTINIQUE;88.829910710;89.117337253;88.829910710;972300105;97230;69;200041788;97230;972;2;972300105;Tartane;La Trinité;MARTINIQUE;Tartane;MARTINIQUE;2;Iris d'habitat;79.948576484;84.261359331;79.948576484;101.231392760;111.722477470;101.231392760;72.037989694;74.795612834;72.037989694;99.906464419;89.831607276;99.906464419;87.042848576;93.415065377;87.042848576;90.616972844;84.819609129;90.616972844
Le François;MARTINIQUE;CA de l'Espace Sud de la Martinique;MARTINIQUE;100.618820309;104.565467515;100.618820309;972100103;97210;69;249720053;97210;972;2;972100103;Bellevue-Chopotte-Bonnie;Le François;MARTINIQUE;Bellevue-Chopotte-Bonnie;MARTINIQUE;2;Iris d'habitat;94.539678453;100.780661719;94.539678453;95.772593025;95.546461698;95.772593025;107.426137470;112.290355176;107.426137470;105.717417225;108.997332389;105.717417225;94.950649977;99.035928378;94.950649977;106.286990640;110.095006652;106.286990640
Le François;MARTINIQUE;CA de l'Espace Sud de la Martinique;MARTINIQUE;110.195000738;114.761665963;110.195000738;972100101;97210;69;249720053;97210;972;2;972100101;Bourg-Presqu'Ile;Le François;MARTINIQUE;Bourg-Presqu'Ile;MARTINIQUE;2;Iris d'habitat;114.887901544;122.843884540;114.887901544;95.772593025;95.546461698;95.772593025;99.303981894;103.800431254;99.303981894;118.158813210;121.767666874;118.158813210;108.516132037;113.744743592;108.516132037;111.873869438;115.778588334;111.873869438
Le François;MARTINIQUE;CA de l'Espace Sud de la Martinique;MARTINIQUE;108.478716732;112.796814993;108.478716732;972100107;97210;69;249720053;97210;972;2;972100107;Dumaine-Bois Soldat-Beauregard;Le François;MARTINIQUE;Dumaine-Bois Soldat-Beauregard;MARTINIQUE;2;Iris d'habitat;101.149247663;108.013244690;101.149247663;95.772593025;95.546461698;95.772593025;102.454264294;107.093357332;102.454264294;125.173473874;129.057290775;125.173473874;99.357029450;103.857650359;99.357029450;117.600404014;121.735979628;117.600404014
Le François;MARTINIQUE;CA de l'Espace Sud de la Martinique;MARTINIQUE;84.931909952;88.078901474;84.931909952;972100108;97210;69;249720053;97210;972;2;972100108;Fregate-Dostaly-Perriolat;Le François;MARTINIQUE;Fregate-Dostaly-Perriolat;MARTINIQUE;2;Iris d'habitat;68.359155476;72.751959660;68.359155476;95.772593025;95.546461698;95.772593025;87.646730364;91.615343475;87.646730364;94.726912685;97.903842175;94.726912685;77.496967992;80.350127006;77.496967992;92.366851911;95.807675942;92.366851911
Le François;MARTINIQUE;CA de l'Espace Sud de la Martinique;MARTINIQUE;101.541436950;105.487525902;101.541436950;972100105;97210;69;249720053;97210;972;2;972100105;Manzo-Reunion-Morne Gamelle;Le François;MARTINIQUE;Manzo-Reunion-Morne Gamelle;MARTINIQUE;2;Iris d'habitat;92.889468337;99.133979761;92.889468337;95.772593025;95.546461698;95.772593025;96.635902789;101.011542465;96.635902789;115.530594605;119.049595864;115.530594605;93.850509899;97.938140406;93.850509899;109.232364000;113.036911398;109.232364000
Le François;MARTINIQUE;CA de l'Espace Sud de la Martinique;MARTINIQUE;97.833083201;101.484287673;97.833083201;972100106;97210;69;249720053;97210;972;2;972100106;Morne Acajou-La Guillot;Le François;MARTINIQUE;Morne Acajou-La Guillot;MARTINIQUE;2;Iris d'habitat;82.832362052;88.391105544;82.832362052;95.772593025;95.546461698;95.772593025;107.808625708;112.690162347;107.808625708;108.876278185;111.943445452;108.876278185;87.145772376;90.776224262;87.145772376;108.520394026;112.192351084;108.520394026
Le François;MARTINIQUE;CA de l'Espace Sud de la Martinique;MARTINIQUE;102.558506794;106.440738714;102.558506794;972100104;97210;69;249720053;97210;972;2;972100104;Morne-Pitault-Morne Serpent-Belle Ame;Le François;MARTINIQUE;Morne-Pitault-Morne Serpent-Belle Ame;MARTINIQUE;2;Iris d'habitat;91.830204151;98.037783230;91.830204151;95.772593025;95.546461698;95.772593025;91.839712213;95.998182067;91.839712213;122.039163612;125.512111028;122.039163612;93.144333775;97.207342719;93.144333775;111.972679812;115.674134708;111.972679812
Le François;MARTINIQUE;CA de l'Espace Sud de la Martinique;MARTINIQUE;101.767795335;106.037131103;101.767795335;972100102;97210;69;249720053;97210;972;2;972100102;Pointe Couchee-Vapeur;Le François;MARTINIQUE;Pointe Couchee-Vapeur;MARTINIQUE;2;Iris d'habitat;114.821089174;122.925691369;114.821089174;95.772593025;95.546461698;95.772593025;114.511998620;119.697061625;114.511998620;85.340001008;87.563940280;85.340001008;108.471590458;113.799281478;108.471590458;95.064000212;98.274980728;95.064000212
Le Lamentin;MARTINIQUE;CA du Centre de la Martinique;MARTINIQUE;98.255290523;95.316207908;98.255290523;972131303;97213;69;249720061;97213;972;2;972131303;Basse Gondeau-Californie-Zi et Aeroport;Le Lamentin;MARTINIQUE;Basse Gondeau-Californie-Zi et Aeroport;MARTINIQUE;2;Iris d'habitat;107.150464054;99.672043398;107.150464054;108.282140916;101.239895533;108.282140916;109.600235477;103.779407433;109.600235477;78.674219320;83.766928843;78.674219320;107.527689674;100.194660777;107.527689674;88.982891372;90.437755040;88.982891372
Le Lamentin;MARTINIQUE;CA du Centre de la Martinique;MARTINIQUE;109.643420408;106.948217747;109.643420408;972131302;97213;69;249720061;97213;972;2;972131302;Bourg;Le Lamentin;MARTINIQUE;Bourg;MARTINIQUE;2;Iris d'habitat;120.833239089;112.444698730;120.833239089;108.282140916;101.239895533;108.282140916;95.693356150;90.611117333;95.693356150;106.109273602;112.474448079;106.109273602;116.649539698;108.709764331;116.649539698;102.637301118;105.186671164;102.637301118
Le Lamentin;MARTINIQUE;CA du Centre de la Martinique;MARTINIQUE;93.154369053;90.768390344;93.154369053;972131311;97213;69;249720061;97213;972;2;972131311;Grand'Case-Pelletier-Plaisance;Le Lamentin;MARTINIQUE;Grand'Case-Pelletier-Plaisance;MARTINIQUE;2;Iris d'habitat;92.917898788;86.471641886;92.917898788;108.282140916;101.239895533;108.282140916;93.171134316;88.222849769;93.171134316;85.818570756;91.102156495;85.818570756;98.039312831;91.394393101;98.039312831;88.269425276;90.142387586;88.269425276
Le Lamentin;MARTINIQUE;CA du Centre de la Martinique;MARTINIQUE;97.866253809;95.074171340;97.866253809;972131306;97213;69;249720061;97213;972;2;972131306;Jeanne d'Arc-Palmiste;Le Lamentin;MARTINIQUE;Jeanne d'Arc-Palmiste;MARTINIQUE;2;Iris d'habitat;102.242906816;95.117751703;102.242906816;108.282140916;101.239895533;108.282140916;103.034830620;97.562688804;103.034830620;85.697368842;90.703470149;85.697368842;104.255984850;97.158466313;104.255984850;91.476522768;92.989876367;91.476522768
Le Lamentin;MARTINIQUE;CA du Centre de la Martinique;MARTINIQUE;88.845679596;86.331333419;88.845679596;972131307;97213;69;249720061;97213;972;2;972131307;Long-Pre-Beleme-Chambord;Le Lamentin;MARTINIQUE;Long-Pre-Beleme-Chambord;MARTINIQUE;2;Iris d'habitat;82.293839494;76.553465585;82.293839494;108.282140916;101.239895533;108.282140916;105.001353154;99.424770052;105.001353154;77.601452259;82.108201878;77.601452259;90.956606635;84.782275568;90.956606635;86.734752558;87.880391270;86.734752558
Le Lamentin;MARTINIQUE;CA du Centre de la Martinique;MARTINIQUE;93.252340303;90.088959338;93.252340303;972131305;97213;69;249720061;97213;972;2;972131305;Mahault-Acajou Nord et Sud;Le Lamentin;MARTINIQUE;Mahault-Acajou Nord et Sud;MARTINIQUE;2;Iris d'habitat;102.807635529;95.688569840;102.807635529;108.282140916;101.239895533;108.282140916;112.477595988;106.503952389;112.477595988;66.569516927;70.706384213;66.569516927;104.632470658;97.539011738;104.632470658;81.872209947;82.638906938;81.872209947
Le Lamentin;MARTINIQUE;CA du Centre de la Martinique;MARTINIQUE;104.228241067;100.908951739;104.228241067;972131304;97213;69;249720061;97213;972;2;972131304;Morne Pavillon-Haute Gondeau;Le Lamentin;MARTINIQUE;Morne Pavillon-Haute Gondeau;MARTINIQUE;2;Iris d'habitat;96.735001476;90.080101270;96.735001476;108.282140916;101.239895533;108.282140916;180.755240711;171.155396608;180.755240711;71.431030912;76.449107876;71.431030912;100.584047956;93.800032691;100.584047956;107.872434179;108.017870787;107.872434179
Le Lamentin;MARTINIQUE;CA du Centre de la Martinique;MARTINIQUE;102.136419665;100.248683248;102.136419665;972131308;97213;69;249720061;97213;972;2;972131308;Petit Morne-Morne Pitault-Rve Calecon;Le Lamentin;MARTINIQUE;Petit Morne-Morne Pitault-Rve Calecon;MARTINIQUE;2;Iris d'habitat;86.776781930;80.732365289;86.776781930;108.282140916;101.239895533;108.282140916;110.395516323;104.532451207;110.395516323;110.293648446;117.127511087;110.293648446;93.945234925;87.568208703;93.945234925;110.327604405;112.929157794;110.327604405
Le Lamentin;MARTINIQUE;CA du Centre de la Martinique;MARTINIQUE;106.230607197;103.789808704;106.230607197;972131310;97213;69;249720061;97213;972;2;972131310;Place d'Armes;Le Lamentin;MARTINIQUE;Place d'Armes;MARTINIQUE;2;Iris d'habitat;105.843125398;98.521806017;105.843125398;108.282140916;101.239895533;108.282140916;98.723819274;93.480633679;98.723819274;109.345716097;115.487355488;109.345716097;106.656130571;99.427835856;106.656130571;105.805083823;108.151781552;105.805083823
Le Lamentin;MARTINIQUE;CA du Centre de la Martinique;MARTINIQUE;98.708000639;96.728913403;98.708000639;972131309;97213;69;249720061;97213;972;2;972131309;Roches Carrees-Petite Riviere;Le Lamentin;MARTINIQUE;Roches Carrees-Petite Riviere;MARTINIQUE;2;Iris d'habitat;94.044479755;87.510474791;94.044479755;108.282140916;101.239895533;108.282140916;93.302824694;88.347546120;93.302824694;101.287039357;107.882544593;101.287039357;98.790366809;92.086948371;98.790366809;98.625634469;101.370878435;98.625634469
Le Lorrain;MARTINIQUE;CA du Pays Nord Martinique;MARTINIQUE;109.315754885;108.423820516;109.315754885;972141402;97214;69;200041788;97214;972;2;972141402;Bon Repos-Morne Capot-Maxime;Le Lorrain;MARTINIQUE;Bon Repos-Morne Capot-Maxime;MARTINIQUE;2;Iris d'habitat;112.036275186;117.276764378;112.036275186;80.979510145;89.371797137;80.979510145;82.435608755;85.591254036;82.435608755;134.203430019;120.513171584;134.203430019;101.684020172;107.975108631;101.684020172;116.947489597;108.872532401;116.947489597
Le Lorrain;MARTINIQUE;CA du Pays Nord Martinique;MARTINIQUE;110.448178866;109.766927954;110.448178866;972141401;97214;69;200041788;97214;972;2;972141401;Bourg-Quartier Sous-Bois;Le Lorrain;MARTINIQUE;Bourg-Quartier Sous-Bois;MARTINIQUE;2;Iris d'habitat;111.991488844;117.305799837;111.991488844;80.979510145;89.371797137;80.979510145;84.348566220;87.577439749;84.348566220;136.689009573;123.520365580;136.689009573;101.654162611;107.994465604;101.654162611;119.242195122;111.539390303;119.242195122
Le Lorrain;MARTINIQUE;CA du Pays Nord Martinique;MARTINIQUE;102.830166065;102.331234404;102.830166065;972141403;97214;69;200041788;97214;972;2;972141403;Morne Ceron-Etoile-Carabin;Le Lorrain;MARTINIQUE;Morne Ceron-Etoile-Carabin;MARTINIQUE;2;Iris d'habitat;102.350181493;106.952380514;102.350181493;80.979510145;89.371797137;80.979510145;99.449709080;103.256656223;99.449709080;115.925707091;103.727096018;115.925707091;95.226624377;101.092186055;95.226624377;110.433707754;103.570282753;110.433707754
Le Marin;MARTINIQUE;CA de l'Espace Sud de la Martinique;MARTINIQUE;100.670006427;104.998770049;100.670006427;972171701;97217;69;249720053;97217;972;2;972171701;Bourg-Mondesir;Le Marin;MARTINIQUE;Bourg-Mondesir;MARTINIQUE;2;Iris d'habitat;118.625854644;126.552009044;118.625854644;91.013985139;90.799089493;91.013985139;86.736831680;90.664244899;86.736831680;94.508756228;97.712633905;94.508756228;109.421898142;114.634369194;109.421898142;91.918114712;95.363170903;91.918114712
Le Marin;MARTINIQUE;CA de l'Espace Sud de la Martinique;MARTINIQUE;94.926874817;98.736872686;94.926874817;972171703;97217;69;249720053;97217;972;2;972171703;Morne Gommier-La Berry-La Sulpice;Le Marin;MARTINIQUE;Morne Gommier-La Berry-La Sulpice;MARTINIQUE;2;Iris d'habitat;94.061861132;100.597719163;94.061861132;91.013985139;90.799089493;91.013985139;106.067397361;110.870091793;106.067397361;92.178072068;94.778308253;92.178072068;93.045902468;97.331509273;93.045902468;96.807847165;100.142236100;96.807847165
Le Marin;MARTINIQUE;CA de l'Espace Sud de la Martinique;MARTINIQUE;94.439886415;98.186266896;94.439886415;972171702;97217;69;249720053;97217;972;2;972171702;Perou-Fonds Gens Libres-Cap-Macre;Le Marin;MARTINIQUE;Perou-Fonds Gens Libres-Cap-Macre;MARTINIQUE;2;Iris d'habitat;89.451211554;95.467828623;89.451211554;91.013985139;90.799089493;91.013985139;87.452713004;91.412541078;87.452713004;104.635098620;107.985156778;104.635098620;89.972136083;93.911582246;89.972136083;98.907636748;102.460951545;98.907636748
Le Robert;MARTINIQUE;CA du Pays Nord Martinique;MARTINIQUE;91.047824695;91.752438085;91.047824695;972222205;97222;69;200041788;97222;972;2;972222205;Augrain-Fond Brule-Berthou;Le Robert;MARTINIQUE;Augrain-Fond Brule-Berthou;MARTINIQUE;2;Iris d'habitat;88.217024392;92.314865046;88.217024392;96.001029318;105.950066897;96.001029318;111.235915676;115.494040262;111.235915676;81.307977197;72.220395629;81.307977197;90.811692701;96.859932330;90.811692701;91.283956690;86.644943840;91.283956690
Le Robert;MARTINIQUE;CA du Pays Nord Martinique;MARTINIQUE;91.436336958;92.173009302;91.436336958;972222203;97222;69;200041788;97222;972;2;972222203;Bois Neuf-Mansarde-Leconte;Le Robert;MARTINIQUE;Bois Neuf-Mansarde-Leconte;MARTINIQUE;2;Iris d'habitat;88.765838797;92.775311551;88.765838797;96.001029318;105.950066897;96.001029318;109.408137382;113.596294389;109.408137382;82.838588727;73.970535713;82.838588727;91.177568971;97.166896666;91.177568971;91.695104945;87.179121939;91.695104945
Le Robert;MARTINIQUE;CA du Pays Nord Martinique;MARTINIQUE;108.639281743;108.064062050;108.639281743;972222201;97222;69;200041788;97222;972;2;972222201;Bourg;Le Robert;MARTINIQUE;Bourg;MARTINIQUE;2;Iris d'habitat;102.499394720;107.537522087;102.499394720;96.001029318;105.950066897;96.001029318;89.434309979;92.857866407;89.434309979;130.700780860;117.250697409;130.700780860;100.333272919;107.008370357;100.333272919;116.945290566;109.119753742;116.945290566
Le Robert;MARTINIQUE;CA du Pays Nord Martinique;MARTINIQUE;93.088590525;93.914915170;93.088590525;972222202;97222;69;200041788;97222;972;2;972222202;Cité Lacroix-Pointe Lynch-Pointe Savane;Le Robert;MARTINIQUE;Cite Lacroix-Pte Lynch-Pte Savane;MARTINIQUE;2;Iris d'habitat;92.911421545;96.684559395;92.911421545;96.001029318;105.950066897;96.001029318;119.767988046;124.352721416;119.767988046;78.469841349;69.908791959;78.469841349;93.941290803;99.773061896;93.941290803;92.235890248;88.056768445;92.235890248
Le Robert;MARTINIQUE;CA du Pays Nord Martinique;MARTINIQUE;97.486273875;97.538400586;97.486273875;972222207;97222;69;200041788;97222;972;2;972222207;Duchene-Hauteur Pontalery;Le Robert;MARTINIQUE;Duchene-Hauteur Pontalery;MARTINIQUE;2;Iris d'habitat;95.762758313;100.289461689;95.762758313;96.001029318;105.950066897;96.001029318;93.373923491;96.948288811;93.373923491;102.008586906;90.876562213;102.008586906;95.842181981;102.176330092;95.842181981;99.130365768;92.900471079;99.130365768
Le Robert;MARTINIQUE;CA du Pays Nord Martinique;MARTINIQUE;92.952277224;93.015953489;92.952277224;972222206;97222;69;200041788;97222;972;2;972222206;Fond Nicolas-Chapelle Villarson;Le Robert;MARTINIQUE;Fond Nicolas-Chapelle Villarson;MARTINIQUE;2;Iris d'habitat;81.259872797;85.108768565;81.259872797;96.001029318;105.950066897;96.001029318;103.734991626;107.705979913;103.734991626;97.728948404;87.111068498;97.728948404;86.173591637;92.055868009;86.173591637;99.730962811;93.976038970;99.730962811
Le Robert;MARTINIQUE;CA du Pays Nord Martinique;MARTINIQUE;91.849461201;92.106791451;91.849461201;972222204;97222;69;200041788;97222;972;2;972222204;Vert-Pre-l'Heureux-Galette;Le Robert;MARTINIQUE;Vert-Pre-l'Heureux-Galette;MARTINIQUE;2;Iris d'habitat;85.134252061;89.105945679;85.134252061;96.001029318;105.950066897;96.001029318;99.238820933;103.037695250;99.238820933;92.794206415;82.720547601;92.794206415;88.756511147;94.720652752;88.756511147;94.942411255;89.492930151;94.942411255
Le Vauclin;MARTINIQUE;CA de l'Espace Sud de la Martinique;MARTINIQUE;105.731426538;110.165746148;105.731426538;972323202;97232;69;249720053;97232;972;2;972323202;Bellevue-Pointe Faula-Macabou;Le Vauclin;MARTINIQUE;Bellevue-Pointe Faula-Macabou;MARTINIQUE;2;Iris d'habitat;114.986885399;122.772375392;114.986885399;86.826949538;86.621940018;86.826949538;86.705611983;90.631611586;86.705611983;115.441113456;119.098087251;115.441113456;105.600240112;110.722230268;105.600240112;105.862612965;109.609262029;105.862612965
Le Vauclin;MARTINIQUE;CA de l'Espace Sud de la Martinique;MARTINIQUE;104.508223040;108.832032456;104.508223040;972323201;97232;69;249720053;97232;972;2;972323201;Bourg;Le Vauclin;MARTINIQUE;Bourg;MARTINIQUE;2;Iris d'habitat;109.258421947;116.582521110;109.258421947;86.826949538;86.621940018;86.826949538;100.343991841;104.887532485;100.343991841;110.680776483;114.158840007;110.680776483;101.781264478;106.595660746;101.781264478;107.235181603;111.068404167;107.235181603
Le Vauclin;MARTINIQUE;CA de l'Espace Sud de la Martinique;MARTINIQUE;97.902173855;101.812657224;97.902173855;972323203;97232;69;249720053;97232;972;2;972323203;Grand Boucan-l'Union-La Plaine;Le Vauclin;MARTINIQUE;Grand Boucan-l'Union-La Plaine;MARTINIQUE;2;Iris d'habitat;95.591213877;101.865590482;95.591213877;86.826949538;86.621940018;86.826949538;77.128306968;80.620649570;77.128306968;116.137679435;119.951086395;116.137679435;92.669792431;96.784373661;92.669792431;103.134555279;106.840940787;103.134555279
Rivière-Pilote;MARTINIQUE;CA de l'Espace Sud de la Martinique;MARTINIQUE;98.504928451;102.108001960;98.504928451;972202005;97220;69;249720053;97220;972;2;972202005;Beauregard-Lourdes-Saint Vincent;Rivière-Pilote;MARTINIQUE;Beauregard-Lourdes-Saint Vincent;MARTINIQUE;2;Iris d'habitat;80.296108148;85.637434811;80.296108148;91.712891847;91.496345993;91.712891847;97.232091194;101.634726072;97.232091194;120.746185683;124.121035037;120.746185683;84.101702714;87.590405205;84.101702714;112.908154187;116.625598715;112.908154187
Rivière-Pilote;MARTINIQUE;CA de l'Espace Sud de la Martinique;MARTINIQUE;109.226732779;113.617146907;109.226732779;972202001;97220;69;249720053;97220;972;2;972202001;Bourg-Anse Figuier;Rivière-Pilote;MARTINIQUE;Bourg-Anse Figuier;MARTINIQUE;2;Iris d'habitat;111.445125994;119.300447299;111.445125994;91.712891847;91.496345993;91.712891847;96.577859062;100.950870539;96.577859062;122.089696889;125.327385157;122.089696889;104.867714612;110.032413530;104.867714612;113.585750947;117.201880284;113.585750947
Rivière-Pilote;MARTINIQUE;CA de l'Espace Sud de la Martinique;MARTINIQUE;106.077502081;110.214210434;106.077502081;972202004;97220;69;249720053;97220;972;2;972202004;Josseaud-Fonds Mulatres;Rivière-Pilote;MARTINIQUE;Josseaud-Fonds Mulatres;MARTINIQUE;2;Iris d'habitat;103.499284603;110.425769199;103.499284603;91.712891847;91.496345993;91.712891847;94.299478964;98.569326191;94.299478964;121.727036235;125.184026011;121.727036235;99.570487017;104.115961463;99.570487017;112.584517145;116.312459404;112.584517145
Rivière-Pilote;MARTINIQUE;CA de l'Espace Sud de la Martinique;MARTINIQUE;106.077406242;110.099702994;106.077406242;972202003;97220;69;249720053;97220;972;2;972202003;La Regale-Desmartinieres-La Renee;Rivière-Pilote;MARTINIQUE;La Regale-Desmartinieres-La Renee;MARTINIQUE;2;Iris d'habitat;99.384453024;105.834852772;99.384453024;91.712891847;91.496345993;91.712891847;87.948302796;91.930571001;87.948302796;129.017168379;132.750797712;129.017168379;96.827265965;101.055350512;96.827265965;115.327546518;119.144055475;115.327546518
Rivière-Pilote;MARTINIQUE;CA de l'Espace Sud de la Martinique;MARTINIQUE;99.098183480;102.662403197;99.098183480;972202002;97220;69;249720053;97220;972;2;972202002;Morne Roche-Prefontaine-Morne Honore;Rivière-Pilote;MARTINIQUE;Morne Roche-Prefontaine-Morne Honore;MARTINIQUE;2;Iris d'habitat;86.120074226;91.770695964;86.120074226;91.712891847;91.496345993;91.712891847;98.406510184;102.862322340;98.406510184;116.114775198;119.037179460;116.114775198;87.984346766;91.679245973;87.984346766;110.212020194;113.645560420;110.212020194
Rivière-Salée;MARTINIQUE;CA de l'Espace Sud de la Martinique;MARTINIQUE;110.666698541;115.168425564;110.666698541;972210102;97221;69;249720053;97221;972;2;972210102;Bourg-La Laugier;Rivière-Salée;MARTINIQUE;Bourg-La Laugier;MARTINIQUE;2;Iris d'habitat;120.548135559;128.717137501;120.548135559;99.094920741;98.860944973;99.094920741;90.287253564;94.375428638;90.287253564;116.760872912;120.169952387;116.760872912;113.397063953;118.765073325;113.397063953;107.936333129;111.571777804;107.936333129
Rivière-Salée;MARTINIQUE;CA de l'Espace Sud de la Martinique;MARTINIQUE;90.815401089;94.233657889;90.815401089;972210104;97221;69;249720053;97221;972;2;972210104;Guinee Fleury-Desmarinieres-La Thoraille;Rivière-Salée;MARTINIQUE;Guinee Fleury-Desmarinieres-La Thoraille;MARTINIQUE;2;Iris d'habitat;84.366585361;89.887575456;84.366585361;99.094920741;98.860944973;99.094920741;91.100829864;95.225843386;91.100829864;92.981742605;95.770004030;92.981742605;89.276030487;92.878698628;89.276030487;92.354771692;95.588617149;92.354771692
Rivière-Salée;MARTINIQUE;CA de l'Espace Sud de la Martinique;MARTINIQUE;90.084317401;93.601050427;90.084317401;972210103;97221;69;249720053;97221;972;2;972210103;Medecin-Maupeou-Belvedere;Rivière-Salée;MARTINIQUE;Medecin-Maupeou-Belvedere;MARTINIQUE;2;Iris d'habitat;92.461873123;98.783400109;92.461873123;99.094920741;98.860944973;99.094920741;100.308831908;104.850780522;100.308831908;78.089202755;80.163888425;78.089202755;94.672888995;98.809248397;94.672888995;85.495745806;88.392852457;85.495745806
Rivière-Salée;MARTINIQUE;CA de l'Espace Sud de la Martinique;MARTINIQUE;102.046230610;106.152407909;102.046230610;972210101;97221;69;249720053;97221;972;2;972210101;Petit Bourg-Courbaril-Fonds Masson;Rivière-Salée;MARTINIQUE;Petit Bourg-Courbaril-Fonds Masson;MARTINIQUE;2;Iris d'habitat;104.573489493;111.729107361;104.573489493;99.094920741;98.860944973;99.094920741;104.267448205;108.988641572;104.267448205;99.884017865;102.803323093;99.884017865;102.747299909;107.439719899;102.747299909;101.345161311;104.865095919;101.345161311
Saint-Esprit;MARTINIQUE;CA de l'Espace Sud de la Martinique;MARTINIQUE;107.630197257;111.974254118;107.630197257;972232301;97223;69;249720053;97223;972;2;972232301;Bourg-La Ferme;Saint-Esprit;MARTINIQUE;Bourg-La Ferme;MARTINIQUE;2;Iris d'habitat;109.706542633;117.169660171;109.706542633;98.574800063;98.342052367;98.574800063;76.379298670;79.837726439;76.379298670;125.706999771;129.663212779;125.706999771;105.995961776;110.893790903;105.995961776;109.264432737;113.054717332;109.264432737
Saint-Esprit;MARTINIQUE;CA de l'Espace Sud de la Martinique;MARTINIQUE;91.226212951;94.736714028;91.226212951;972232302;97223;69;249720053;97223;972;2;972232302;Petit Paradis-Morne Vent-Bontemps-Lacour;Saint-Esprit;MARTINIQUE;Petit Paradis-Morne Vent-Bontemps-Lacour;MARTINIQUE;2;Iris d'habitat;87.270362551;93.224461688;87.270362551;98.574800063;98.342052367;98.574800063;99.632660420;104.143992227;99.632660420;87.304546060;89.742658098;87.304546060;91.038508389;94.930325248;91.038508389;91.413917513;94.543102808;91.413917513
Saint-Esprit;MARTINIQUE;CA de l'Espace Sud de la Martinique;MARTINIQUE;97.610694659;101.282805860;97.610694659;972232303;97223;69;249720053;97223;972;2;972232303;l'Avenir-Grand Bassin-Valatte;Saint-Esprit;MARTINIQUE;l'Avenir-Grand Bassin-Valatte;MARTINIQUE;2;Iris d'habitat;88.132046050;94.118020469;88.132046050;98.574800063;98.342052367;98.574800063;99.451680042;103.954817121;99.451680042;105.686797873;108.581962366;105.686797873;91.612964055;95.526031102;91.612964055;103.608425263;107.039580618;103.608425263
Saint-Joseph;MARTINIQUE;CA du Centre de la Martinique;MARTINIQUE;100.290129290;98.202843903;100.290129290;972242401;97224;69;249720061;97224;972;2;972242401;Bourg-Belle Etoile-Long-Bois;Saint-Joseph;MARTINIQUE;Bourg-Belle Etoile-Long-Bois;MARTINIQUE;2;Iris d'habitat;94.985350447;88.386033595;94.985350447;106.978809637;100.021327804;106.978809637;92.903681945;87.969601695;92.903681945;105.943791631;112.227033365;105.943791631;98.983170177;92.264464998;98.983170177;101.597088402;104.141222808;101.597088402
Saint-Joseph;MARTINIQUE;CA du Centre de la Martinique;MARTINIQUE;100.194377394;97.656284583;100.194377394;972242404;97224;69;249720061;97224;972;2;972242404;Chapelle-Morne des Olives-Durand;Saint-Joseph;MARTINIQUE;Chapelle-Morne des Olives-Durand;MARTINIQUE;2;Iris d'habitat;99.796039996;92.895409164;99.796039996;106.978809637;100.021327804;106.978809637;115.089146506;108.976804423;115.089146506;89.753114115;95.574378472;89.753114115;102.190296543;95.270715378;102.190296543;98.198458245;100.041853789;98.198458245
Saint-Joseph;MARTINIQUE;CA du Centre de la Martinique;MARTINIQUE;94.450709643;92.302921421;94.450709643;972242403;97224;69;249720061;97224;972;2;972242403;Choco-Riviere Blanche-Presqu'Ile;Saint-Joseph;MARTINIQUE;Choco-Riviere Blanche-Presqu'Ile;MARTINIQUE;2;Iris d'habitat;86.423404436;80.407594289;86.423404436;106.978809637;100.021327804;106.978809637;91.410078428;86.555322909;91.410078428;97.734280461;103.212844619;97.734280461;93.275206170;86.945505461;93.275206170;95.626213116;97.660337382;95.626213116
Saint-Joseph;MARTINIQUE;CA du Centre de la Martinique;MARTINIQUE;97.168516475;95.294112839;97.168516475;972242405;97224;69;249720061;97224;972;2;972242405;Morne Poirier-Bois du Parc;Saint-Joseph;MARTINIQUE;Morne Poirier-Bois du Parc;MARTINIQUE;2;Iris d'habitat;89.882889028;83.623266801;89.882889028;106.978809637;100.021327804;106.978809637;85.783638603;81.227701226;85.783638603;105.241436277;111.634557201;105.241436277;95.581529231;89.089287135;95.581529231;98.755503719;101.498938543;98.755503719
Saint-Joseph;MARTINIQUE;CA du Centre de la Martinique;MARTINIQUE;96.970942225;95.099738553;96.970942225;972242402;97224;69;249720061;97224;972;2;972242402;Rousseau-Bois-Neuf-Fonds Epingles;Saint-Joseph;MARTINIQUE;Rousseau-Bois-Neuf-Fonds Epingles;MARTINIQUE;2;Iris d'habitat;80.958051439;75.317294852;80.958051439;106.978809637;100.021327804;106.978809637;100.670266246;95.323705571;100.670266246;106.130237296;112.309404119;106.130237296;89.631637505;83.551972503;89.631637505;104.310246946;106.647504603;104.310246946
Saint-Joseph;MARTINIQUE;CA du Centre de la Martinique;MARTINIQUE;93.982377868;92.016752214;93.982377868;972242406;97224;69;249720061;97224;972;2;972242406;l'Ermitage-Riviere l'Or;Saint-Joseph;MARTINIQUE;l'Ermitage-Riviere l'Or;MARTINIQUE;2;Iris d'habitat;84.140478513;78.278355340;84.140478513;106.978809637;100.021327804;106.978809637;83.959389549;79.500337367;83.959389549;102.337555499;108.011068716;102.337555499;91.753255554;85.526012828;91.753255554;96.211500183;98.507491599;96.211500183
Sainte-Luce;MARTINIQUE;CA de l'Espace Sud de la Martinique;MARTINIQUE;94.172379513;97.852339988;94.172379513;972272701;97227;69;249720053;97227;972;2;972272701;Bourg;Sainte-Luce;MARTINIQUE;Bourg;MARTINIQUE;2;Iris d'habitat;98.539156768;105.178776160;98.539156768;110.463870090;110.203050781;110.463870090;87.106758156;91.050921516;87.106758156;85.192667647;87.751257655;85.192667647;102.514061209;106.853534367;102.514061209;85.830697817;88.851145609;85.830697817
Sainte-Luce;MARTINIQUE;CA de l'Espace Sud de la Martinique;MARTINIQUE;85.531166663;88.738900577;85.531166663;972272703;97227;69;249720053;97227;972;2;972272703;Les Coteaux-Ceron-Corps de Garde;Sainte-Luce;MARTINIQUE;Les Coteaux-Ceron-Corps de Garde;MARTINIQUE;2;Iris d'habitat;86.127880494;91.796179399;86.127880494;110.463870090;110.203050781;110.463870090;90.561329866;94.661915017;90.561329866;69.953019518;71.988039433;69.953019518;94.239877026;97.931803193;94.239877026;76.822456300;79.545997961;76.822456300
Sainte-Luce;MARTINIQUE;CA de l'Espace Sud de la Martinique;MARTINIQUE;90.713249442;93.960185055;90.713249442;972272702;97227;69;249720053;97227;972;2;972272702;Monesie-l'Epinay-Trou au Diable;Sainte-Luce;MARTINIQUE;Monesie-l'Epinay-Trou au Diable;MARTINIQUE;2;Iris d'habitat;79.357879814;84.509172354;79.357879814;110.463870090;110.203050781;110.463870090;88.686114559;92.701790621;88.686114559;93.206876186;95.918962109;93.206876186;89.726543240;93.073798496;89.726543240;91.699955644;94.846571613;91.699955644
Sainte-Marie;MARTINIQUE;CA du Pays Nord Martinique;MARTINIQUE;95.209079204;94.184148522;95.209079204;972282802;97228;69;200041788;97228;972;2;972282802;Belle Etoile-Derriere Morne-Rodon;Sainte-Marie;MARTINIQUE;Belle Etoile-Derriere Morne-Rodon;MARTINIQUE;2;Iris d'habitat;79.515902958;83.381666261;79.515902958;82.267644042;90.793426400;82.267644042;83.140940632;86.323586104;83.140940632;123.407042317;110.612273053;123.407042317;80.433149986;85.852252974;80.433149986;109.985008422;102.516044070;109.985008422
Sainte-Marie;MARTINIQUE;CA du Pays Nord Martinique;MARTINIQUE;114.843177371;113.900288067;114.843177371;972282801;97228;69;200041788;97228;972;2;972282801;Bourg;Sainte-Marie;MARTINIQUE;Bourg;MARTINIQUE;2;Iris d'habitat;126.323925848;132.032262241;126.323925848;82.267644042;90.793426400;82.267644042;81.114748089;84.219830660;81.114748089;136.514410199;122.161973431;136.514410199;111.638498579;118.285983627;111.638498579;118.047856162;109.514592508;118.047856162
Sainte-Marie;MARTINIQUE;CA du Pays Nord Martinique;MARTINIQUE;106.260322271;105.209101967;106.260322271;972282804;97228;69;200041788;97228;972;2;972282804;Eudorcait-Perou;Sainte-Marie;MARTINIQUE;Eudorcait-Perou;MARTINIQUE;2;Iris d'habitat;97.373918758;102.386556172;97.373918758;82.267644042;90.793426400;82.267644042;93.542112144;97.122915746;93.542112144;133.502169964;119.282578655;133.502169964;92.338493852;98.522179581;92.338493852;120.182150690;111.896024352;120.182150690
Sainte-Marie;MARTINIQUE;CA du Pays Nord Martinique;MARTINIQUE;97.495258272;96.500252991;97.495258272;972282806;97228;69;200041788;97228;972;2;972282806;Fonds Saint-Jacques-Rodin;Sainte-Marie;MARTINIQUE;Fonds Saint-Jacques-Rodin;MARTINIQUE;2;Iris d'habitat;83.490111206;87.351430696;83.490111206;82.267644042;90.793426400;82.267644042;97.584410057;101.319953323;97.584410057;119.069636562;106.092638414;119.069636562;83.082622151;88.498762597;83.082622151;111.907894394;104.501743384;111.907894394
Sainte-Marie;MARTINIQUE;CA du Pays Nord Martinique;MARTINIQUE;99.940108456;98.978980471;99.940108456;972282803;97228;69;200041788;97228;972;2;972282803;Lassale-Riviere Canaris;Sainte-Marie;MARTINIQUE;Lassale-Riviere Canaris;MARTINIQUE;2;Iris d'habitat;86.090153024;89.961461373;86.090153024;82.267644042;90.793426400;82.267644042;105.310750160;109.342058678;105.310750160;119.940975243;106.907737501;119.940975243;84.815983364;90.238783049;84.815983364;115.064233549;107.719177893;115.064233549
Sainte-Marie;MARTINIQUE;CA du Pays Nord Martinique;MARTINIQUE;107.928969288;106.802968496;107.928969288;972282807;97228;69;200041788;97228;972;2;972282807;Reculee-Bezaudin;Sainte-Marie;MARTINIQUE;Reculee-Bezaudin;MARTINIQUE;2;Iris d'habitat;100.673000314;104.948760771;100.673000314;82.267644042;90.793426400;82.267644042;111.859789714;116.141796275;111.859789714;126.050190674;111.992533379;126.050190674;94.537881556;100.230315981;94.537881556;121.320057021;113.375621011;121.320057021
Schoelcher;MARTINIQUE;CA du Centre de la Martinique;MARTINIQUE;96.965338570;93.845238365;96.965338570;972290106;97229;69;249720061;97229;972;2;972290106;Bourg-Enclos;Schœlcher;MARTINIQUE;Bourg-Enclos;MARTINIQUE;2;Iris d'habitat;100.015413397;93.023125714;100.015413397;130.659343409;122.161772617;130.659343409;82.654475953;78.264727250;82.654475953;84.223692633;88.299339447;84.223692633;110.230056734;102.736008015;110.230056734;83.700620407;84.954468714;83.700620407
Schoelcher;MARTINIQUE;CA du Centre de la Martinique;MARTINIQUE;119.744808763;115.785416196;119.744808763;972290102;97229;69;249720061;97229;972;2;972290102;Cité Ozanam;Schœlcher;MARTINIQUE;Cite Ozanam;MARTINIQUE;2;Iris d'habitat;135.611750008;126.273249639;135.611750008;130.659343409;122.161772617;130.659343409;128.615539188;121.784815384;128.615539188;93.985234982;99.109704947;93.985234982;133.960947808;124.902757299;133.960947808;105.528669717;106.668075092;105.528669717
Schoelcher;MARTINIQUE;CA du Centre de la Martinique;MARTINIQUE;108.869003676;105.714884832;108.869003676;972290101;97229;69;249720061;97229;972;2;972290101;Cité St-Georges-Batelière;Schœlcher;MARTINIQUE;Cite St-Georges-Bateliere;MARTINIQUE;2;Iris d'habitat;114.571995206;106.566935061;114.571995206;130.659343409;122.161772617;130.659343409;91.478691263;86.620291742;91.478691263;100.965998486;106.186687255;100.965998486;119.934444607;111.765214246;119.934444607;97.803562745;99.664555418;97.803562745
Schoelcher;MARTINIQUE;CA du Centre de la Martinique;MARTINIQUE;99.390426579;96.514724258;99.390426579;972290107;97229;69;249720061;97229;972;2;972290107;Enclos-Fonds Duclos;Schœlcher;MARTINIQUE;Enclos-Fonds Duclos;MARTINIQUE;2;Iris d'habitat;92.634981972;86.191563451;92.634981972;130.659343409;122.161772617;130.659343409;104.012992336;98.488900713;104.012992336;88.200129894;93.027272657;88.200129894;105.309769117;98.181633173;105.309769117;93.471084042;94.847815342;93.471084042
Schoelcher;MARTINIQUE;CA du Centre de la Martinique;MARTINIQUE;106.992169328;104.465004052;106.992169328;972290109;97229;69;249720061;97229;972;2;972290109;Fond-Lahaye;Schœlcher;MARTINIQUE;Fond-Lahaye;MARTINIQUE;2;Iris d'habitat;102.650227679;95.509421843;102.650227679;130.659343409;122.161772617;130.659343409;89.950592567;85.173349804;89.950592567;108.021312316;114.218029101;108.021312316;111.986599589;104.393538768;111.986599589;101.997739066;104.536469336;101.997739066
Schoelcher;MARTINIQUE;CA du Centre de la Martinique;MARTINIQUE;102.424891751;98.893839047;102.424891751;972290104;97229;69;249720061;97229;972;2;972290104;Plateau Fofo Est-Ste Catherine;Schœlcher;MARTINIQUE;Plateau Fofo Est-Ste Catherine;MARTINIQUE;2;Iris d'habitat;112.662579459;104.739686083;112.662579459;130.659343409;122.161772617;130.659343409;76.420434283;72.361773231;76.420434283;91.072206949;94.680058133;91.072206949;118.661500775;110.547048261;118.661500775;86.188282727;87.240629832;86.188282727
Schoelcher;MARTINIQUE;CA du Centre de la Martinique;MARTINIQUE;94.667710253;91.090744861;94.667710253;972290103;97229;69;249720061;97229;972;2;972290103;Plateau Fofo-Fonds Nigaud-Madiana;Schœlcher;MARTINIQUE;Plateau Fofo-Fonds Nigaud-Madiana;MARTINIQUE;2;Iris d'habitat;101.053936495;93.947580068;101.053936495;130.659343409;122.161772617;130.659343409;101.590909715;96.195454006;101.590909715;66.824067701;70.146041202;66.824067701;110.922405466;103.352310918;110.922405466;78.413015039;78.829178803;78.413015039
Schoelcher;MARTINIQUE;CA du Centre de la Martinique;MARTINIQUE;109.165234681;104.228985763;109.165234681;972290105;97229;69;249720061;97229;972;2;972290105;Ravine Touza;Schœlcher;MARTINIQUE;Ravine Touza;MARTINIQUE;2;Iris d'habitat;102.741810008;95.511985164;102.741810008;130.659343409;122.161772617;130.659343409;224.657606440;212.726123901;224.657606440;47.095419111;49.731023866;47.095419111;112.047654475;104.395247648;112.047654475;106.282814887;104.062723878;106.282814887
Schoelcher;MARTINIQUE;CA du Centre de la Martinique;MARTINIQUE;95.070734012;91.938472486;95.070734012;972290108;97229;69;249720061;97229;972;2;972290108;Terreville;Schœlcher;MARTINIQUE;Terreville;MARTINIQUE;2;Iris d'habitat;95.997155254;89.266737176;95.997155254;130.659343409;122.161772617;130.659343409;77.398797299;73.288175748;77.398797299;85.185976429;88.823706099;85.185976429;107.551217972;100.231748990;107.551217972;82.590250052;83.645195982;82.590250052
